{"cameraMode":{"drawMode":0,"name":"Shaded","section":"Shading Mode"},"sceneLighting":false,"audioPlay":false,"sceneViewState":{"showFog":true,"showMaterialUpdate":false,"showSkybox":false,"showFlares":true,"showImageEffects":true,"showParticleSystems":true},"in2DMode":false,"pivot":{"x":1.9800000190734864,"y":0.5339999198913574,"z":-0.047711923718452457},"rotation":{"x":0.07338226586580277,"y":-0.03739000856876373,"z":0.0027531252708286049,"w":0.9965992569923401},"size":0.8594904541969299,"orthographic":true}